outflow_tunai,kartu_atm_debet,Server_Based,SKNBI_Asal
0.09876854244328426,-0.09268910594141627,-0.051488689491218154,0.14711873837943623
1.7162622442847877,1.625126263285271,1.3970185168923837,1.5363286640026526
-3.0810894236911373,2.4172134826467757,4.299960874126463,3.610761317484226
-1.017084662433784,-1.0598780336599534,-0.6072948206549036,-0.6994814778877146
